10195990,10196003,10196016,10196029
10195991,10196004,10196017,10196030
10195992,10196005,10196018,10196031
10195993,10196006,10196019,10196032
10195994,10196007,10196020,10196033
10195995,10196008,10196021,10196034
10195996,10196009,10196022,10196035
10195997,10196010,10196023,10196036
10195998,10196011,10196024,10196037
10195999,10196012,10196025,10196038
10196000,10196013,10196026,10196039
10196001,10196014,10196027,10196040
10196065,10196076,10196087,10196098
10196065,10196076,10196087,10196109
