10681210,10681223,10681236,10681249,10681262,10681275
10681211,10681224,10681237,10681250,10681263,10681276
10681212,10681225,10681238,10681251,10681264,10681277
10681213,10681226,10681239,10681252,10681265,10681278
10681214,10681227,10681240,10681253,10681266,10681279
10681215,10681228,10681241,10681254,10681267,10681280
10681216,10681229,10681242,10681255,10681268,10681281
10681217,10681230,10681243,10681256,10681269,10681282
10681218,10681231,10681244,10681257,10681270,10681283
10681219,10681232,10681245,10681258,10681271,10681284
10681220,10681233,10681246,10681259,10681272,10681285
10681221,10681234,10681247,10681260,10681273,10681286
10681316,10681329,10681342,10681355,10681368,10681381
10681316,10681329,10681342,10681392,10681393,10681394
10681316,10681329,10681391,10681355,10681368,10681381
10681316,10681329,10681391,10681392,10681393,10681394
10681317,10681330,10681343,10681356,10681369,10681382
10681317,10681330,10681343,10681395,10681396,10681397
10681318,10681331,10681344,10681357,10681370,10681383
10681318,10681331,10681344,10681357,10681398,10681399
10681319,10681332,10681345,10681358,10681371,10681384
10681319,10681332,10681345,10681358,10681371,10681400
