18017298,18017311,18017324,18017337
18017299,18017312,18017325,18017338
18017300,18017313,18017326,18017339
18017301,18017314,18017327,18017340
18017302,18017315,18017328,18017341
18017303,18017316,18017329,18017342
18017304,18017317,18017330,18017343
18017305,18017318,18017331,18017344
18017306,18017319,18017332,18017345
18017307,18017320,18017333,18017346
18017308,18017321,18017334,18017347
18017309,18017322,18017335,18017348
18017364,18017371,18017378,18017385
18017364,18017371,18017391,18017392
18017365,18017372,18017379,18017386
18017365,18017372,18017379,18017393
