15790461,15790474
15790461,15790500
15790462,15790475
15790462,15790501
15790463,15790476
15790463,15790502
15790464,15790477
15790464,15790503
15790465,15790478
15790465,15790504
15790466,15790479
15790466,15790505
15790467,15790480
15790467,15790506
15790468,15790481
15790468,15790507
15790469,15790482
15790469,15790508
15790470,15790483
15790470,15790509
15790471,15790484
15790471,15790510
15790472,15790485
15790472,15790511
15790521,15790527
15790521,15790539
15790521,15790545
15790522,15790528
15790522,15790540
15790522,15790546
15790523,15790529
15790523,15790541
15790523,15790547
