19484814,19484788,19484788
19484814,19484788,19484892
19484815,19484789,19484789
19484815,19484789,19484893
19484816,19484790,19484790
19484816,19484790,19484894
19484817,19484791,19484791
19484817,19484791,19484895
19484818,19484792,19484792
19484818,19484792,19484896
19484819,19484793,19484793
19484819,19484793,19484897
19484820,19484794,19484794
19484820,19484794,19484898
19484821,19484795,19484795
19484821,19484795,19484899
19484822,19484796,19484796
19484822,19484796,19484900
19484823,19484797,19484797
19484823,19484797,19484901
19484824,19484798,19484798
19484824,19484798,19484902
19484825,19484799,19484799
19484825,19484799,19484903
19484954,19484934,19484934
19484954,19484934,19485014
19484955,19484935,19484935
19484955,19484935,19485015
19484955,19484935,19485042
19484956,19484936,19484936
19484956,19484936,19485016
19484956,19484936,19485046
19484957,19484937,19484937
19484957,19484937,19485017
19484957,19484937,19485049
19484958,19484938,19484938
19484958,19484938,19485018
19485031,19484934,19484934
19485031,19484934,19485037
