15601500,15601487,15601552
15601501,15601488,15601553
15601502,15601489,15601554
15601503,15601490,15601555
15601504,15601491,15601556
15601505,15601492,15601557
15601506,15601493,15601558
15601507,15601494,15601559
15601508,15601495,15601560
15601509,15601496,15601561
15601510,15601497,15601562
15601511,15601498,15601563
15601631,15601619,15601679
15601632,15601620,15601680
15601632,15601620,15601719
15601633,15601621,15601681
15601633,15601621,15601722
15601634,15601622,15601682
15601635,15601623,15601683
15601636,15601624,15601684
15601711,15601619,15601715
