11544612,11544625,11544638,11544651
11544613,11544626,11544639,11544652
11544614,11544627,11544640,11544653
11544615,11544628,11544641,11544654
11544616,11544629,11544642,11544655
11544617,11544630,11544643,11544656
11544618,11544631,11544644,11544657
11544619,11544632,11544645,11544658
11544620,11544633,11544646,11544659
11544621,11544634,11544647,11544660
11544622,11544635,11544648,11544661
11544623,11544636,11544649,11544662
11544672,11544677,11544682,11544687
11544672,11544677,11544682,11544692
11544672,11544677,11544691,11544687
11544672,11544677,11544691,11544692
11544673,11544678,11544683,11544688
11544673,11544678,11544683,11544693
